{
  "version": 1,
  "author": "elfaza",
  "editor": "wokwi",
  "parts": [
    { "type": "board-esp32-devkit-c-v4", "id": "esp", "top": 0, "left": 0, "attrs": {} },
    {
      "type": "wokwi-lcd1602",
      "id": "lcd1",
      "top": 54.4,
      "left": 168.8,
      "attrs": { "pins": "i2c" }
    },
    {
      "type": "wokwi-slide-potentiometer",
      "id": "pot2",
      "top": -148.6,
      "left": 181.4,
      "attrs": { "travelLength": "30" }
    }
  ],
  "connections": [
    [ "esp:TX", "$serialMonitor:RX", "", [] ],
    [ "esp:RX", "$serialMonitor:TX", "", [] ],
    [ "lcd1:SDA", "esp:21", "green", [ "h-28.8", "v-19" ] ],
    [ "lcd1:SCL", "esp:22", "green", [ "h-19.2", "v-57.3" ] ],
    [ "lcd1:VCC", "esp:5V", "red", [ "h-48", "v153.7", "h-120.19" ] ],
    [ "lcd1:GND", "esp:GND.3", "black", [ "h0" ] ],
    [ "pot2:SIG", "esp:34", "green", [ "h-230.4", "v143.2" ] ],
    [ "pot2:VCC", "esp:3V3", "red", [ "h0" ] ],
    [ "pot2:GND", "esp:GND.2", "black", [ "v0" ] ]
  ],
  "dependencies": {}
}